{
  "fields" : [ {
    "path" : "items[]",
    "type" : "Array",
    "optional" : false,
    "description" : "The specific sub-set of <<user-notification-representation,user notification representations>> requested"
  }, {
    "path" : "_meta",
    "type" : "Object",
    "optional" : false,
    "description" : "Meta data associated with the representation, as described in <<metadata,Meta Data>>"
  }, {
    "path" : "totalCount",
    "type" : "Number",
    "optional" : false,
    "description" : "The total number of elements available in the result set"
  } ],
  "links" : [ ]
}