{
  "fields" : [ {
    "path" : "attributes[]",
    "type" : "Array",
    "optional" : false,
    "description" : "A collection of various licensed attributes/limits governing use of the application",
    "fields" : [ {
      "path" : "attribute",
      "type" : "String",
      "optional" : true,
      "description" : "Key indicated which of a defined set of attributes the object represents.",
      "allowedValues" : [ "CODEBASE_MANAGED_LINES_OF_CODE", "INDEXED_LINES_OF_CODE", "MANAGED_CODEBASE_BYTES_NEW", "USER_LIMIT", "CUSTOM_PROJECT_LIMIT", "PROJECT_RELEASE_LIMIT", "CODE_LOCATION_LIMIT", "CODE_LOCATION_BYTES_LIMIT" ]
    }, {
      "path" : "warningValue",
      "type" : "Number",
      "optional" : true,
      "description" : "The value at which it is recommended clients begin visibly warning end-users of impending license limitations"
    }, {
      "path" : "limitValue",
      "type" : "Number",
      "optional" : true,
      "description" : "The value at which the license will prevent/limit use based on the associated attribute"
    }, {
      "path" : "currentValue",
      "type" : "Number",
      "optional" : true,
      "description" : "The current level of use for the attribute"
    } ]
  }, {
    "path" : "expirationWarningDate",
    "type" : "String",
    "optional" : true,
    "description" : "The date/time that the it is recommended clients begin visibily warning end users of the license as a whole expiring"
  }, {
    "path" : "messages[]",
    "type" : "Array",
    "optional" : false,
    "description" : "A collection of information on potential error states of the license",
    "fields" : [ {
      "path" : "messageCode",
      "type" : "String",
      "optional" : true,
      "description" : "One of a defined set of keys indicating the type of error described.",
      "allowedValues" : [ "ACTIVATE_REGISTRATION_ERROR", "DATE_PARSING_ERROR", "EXPIRATION_DATE_WARNING", "INSTALLATION_INCOMPLETE_ERROR", "INVALID_REGISTRATION_ERROR", "INVALID_LICENSE_USAGE_WINDOW", "NETWORK_FAILURE_ERROR", "REFRESH_REGISTRATION_ERROR" ]
    }, {
      "path" : "message",
      "type" : "String",
      "optional" : true,
      "description" : "User-readable description of the error"
    } ]
  }, {
    "path" : "registrationId",
    "type" : "String",
    "optional" : true,
    "description" : "The registration ID/key associated with the application instance"
  }, {
    "path" : "_meta",
    "type" : "Object",
    "optional" : false,
    "description" : "Meta data associated with the representation, as described in <<metadata,Meta Data>>"
  }, {
    "path" : "state",
    "type" : "String",
    "optional" : true,
    "description" : "The overall validity state of the registration.",
    "allowedValues" : [ "VALID", "EXPIRED", "INVALID", "INCOMPLETE_INSTALL", "NETWORK_FAILURE", "NOT_SET" ]
  }, {
    "path" : "features[]",
    "type" : "Array",
    "optional" : false,
    "description" : "A collection of the enabled/licensed features on the application",
    "fields" : [ {
      "path" : "feature",
      "type" : "String",
      "optional" : true,
      "description" : "Key indicated which of a defined set of features the object represents.",
      "allowedValues" : [ "CONNECT_AND_SHARE", "DEEP_VULNERABILITY_INTELLIGENCE", "ISCAN", "NOTIFICATIONS", "OSS_ATTRIBUTION", "POLICY_MANAGEMENT", "PROJECT_MANAGEMENT", "REST_API", "RISK_MANAGEMENT", "OSS_NOTICES_REPORTS", "THREAT_CHECKER", "OPSSIGHT", "BDSA", "SNIPPET", "CRYPTO_ALGORITHMS", "BINARY_ANALYSIS", "CUSTOM_SIGNATURES" ]
    }, {
      "path" : "warningValue",
      "type" : "Number",
      "optional" : true,
      "description" : "The value at which it is recommended clients begin visibly warning end users of impending license limitations"
    }, {
      "path" : "limitValue",
      "type" : "Number",
      "optional" : true,
      "description" : "The value at which the license will prevent/limit use of the associated feature"
    } ]
  }, {
    "path" : "expirationDate",
    "type" : "String",
    "optional" : true,
    "description" : "The date/time the license as a whole will become invalid and require renewal"
  } ],
  "links" : [ ]
}