{
  "parameters" : [ {
    "name" : "offset",
    "description" : "The number of results to skip from the beginning of the available set"
  }, {
    "name" : "limit",
    "description" : "The maximum number of results to read from the available set"
  }, {
    "name" : "sort",
    "description" : "A specification of one or more fields to sort results by. Of format `<field> [asc | desc]`. Sortable Fields: [componentname, severity, vulnerabilityname]"
  }, {
    "name" : "limit",
    "description" : "The maximum number of results to read from the available set"
  }, {
    "name" : "offset",
    "description" : "The number of results to skip from the beginning of the available set"
  }, {
    "name" : "q",
    "description" : "A specification of search terms to filter results by. Of format `<field1>:<value1>,...`. Searchable Fields: [componentName, vulnerabilityName]"
  } ],
  "fields" : [ ]
}