{
  "parameters" : [ ],
  "fields" : [ {
    "path" : "approvalStatus",
    "type" : "String",
    "optional" : false,
    "description" : "The level of approval given for use of the component.",
    "allowedValues" : [ "UNREVIEWED", "IN_REVIEW", "REVIEWED", "APPROVED", "LIMITED_APPROVAL", "REJECTED", "DEPRECATED" ]
  }, {
    "path" : "notes",
    "type" : "String",
    "optional" : true,
    "description" : "Any user-specified notes on the component"
  }, {
    "path" : "name",
    "type" : "String",
    "optional" : false,
    "description" : "The general identifier of the component"
  }, {
    "path" : "description",
    "type" : "String",
    "optional" : true,
    "description" : "Summary of what the component represents in terms of functionality and use"
  }, {
    "path" : "logo",
    "type" : "Object",
    "optional" : true,
    "description" : "A logo for the component",
    "fields" : [ {
      "path" : "smallLogoUrl",
      "type" : "String",
      "optional" : true,
      "description" : "A URL pointing to a small sized logo image"
    }, {
      "path" : "mediumLogoUrl",
      "type" : "String",
      "optional" : true,
      "description" : "A URL pointing to a medium sized logo image"
    } ]
  }, {
    "path" : "url",
    "type" : "String",
    "optional" : true,
    "description" : "Resource where more information on the component may be found"
  }, {
    "path" : "primaryLanguage",
    "type" : "String",
    "optional" : true,
    "description" : "The main language used to implement the component"
  } ]
}