{
  "fields" : [ {
    "path" : "componentVersionName",
    "type" : "String",
    "optional" : true,
    "description" : "The name of the component version on the Bill of Materials which was edited. Can be null if the BOM Component edited did not include a version, or if the notification was generated before this field was added"
  }, {
    "path" : "componentName",
    "type" : "String",
    "optional" : true,
    "description" : "The name of the component on the Bill of Materials which was edited. Can be null if the notification was generated before this field was added"
  }, {
    "path" : "bomComponent",
    "type" : "String",
    "optional" : false,
    "description" : "URL for the resource representing the bill of materials entry which was edited"
  }, {
    "path" : "projectVersion",
    "type" : "String",
    "optional" : false,
    "description" : "URL for the resource representing the project version whose bill of materials the edited entry is on"
  } ],
  "links" : [ ]
}