{
  "fields" : [ {
    "path" : "complexity",
    "type" : "Number",
    "optional" : true,
    "description" : " Required number of character classes (default 1)"
  }, {
    "path" : "minimumLength",
    "type" : "Number",
    "optional" : true,
    "description" : "Minimum password length (default 8)"
  }, {
    "path" : "maximumLength",
    "type" : "Number",
    "optional" : true,
    "description" : "Maximum password length (default 128)"
  }, {
    "path" : "_meta",
    "type" : "Object",
    "optional" : false,
    "description" : "Meta data associated with the representation, as described in <<metadata,Meta Data>>"
  }, {
    "path" : "enabled",
    "type" : "Boolean",
    "optional" : true,
    "description" : "Are password settings being checked (default true)"
  } ],
  "links" : [ ]
}