{
  "fields" : [ {
    "path" : "_meta",
    "type" : "Object",
    "optional" : false,
    "description" : "Meta data associated with the representation, as described in <<metadata,Meta Data>>"
  }, {
    "path" : "totalCount",
    "type" : "Number",
    "optional" : false,
    "description" : "The number of announcements returned"
  }, {
    "path" : "items",
    "type" : "Array",
    "optional" : false,
    "description" : "Announcements",
    "fields" : [ {
      "path" : "title",
      "type" : "String",
      "optional" : false,
      "description" : "Announcement Title"
    }, {
      "path" : "message",
      "type" : "String",
      "optional" : false,
      "description" : "Announcement Message"
    }, {
      "path" : "_meta",
      "type" : "Object",
      "optional" : false,
      "description" : "Meta data associated with the representation, as described in <<metadata,Meta Data>>"
    } ]
  } ],
  "links" : [ ]
}