{
  "fields" : [ {
    "path" : "_meta",
    "type" : "Object",
    "optional" : false,
    "description" : "Meta data associated with the representation, as described in <<metadata,Meta Data>>"
  }, {
    "path" : "totalCount",
    "type" : "Number",
    "optional" : false,
    "description" : "The total number of elements available in the result set"
  }, {
    "path" : "items",
    "type" : "Array",
    "optional" : false,
    "description" : "The specific sub-set of matched file with component representations requested",
    "fields" : [ {
      "path" : "sha1",
      "type" : "String",
      "optional" : true,
      "description" : "The Sha1 hash of the matched file. Present for files that have matched snippets."
    }, {
      "path" : "uri",
      "type" : "String",
      "optional" : true,
      "description" : "The unique identifier of the file path"
    }, {
      "path" : "declaredComponentPath",
      "type" : "String",
      "optional" : true,
      "description" : "The path to the declared component"
    }, {
      "path" : "matches",
      "type" : "Array",
      "optional" : true,
      "description" : "Representation of the BOM component Match Detail",
      "fields" : [ {
        "path" : "matchType",
        "type" : "String",
        "optional" : true,
        "description" : "The type of file, snippet, binary, or manually identified match.",
        "allowedValues" : [ "FILE_FILES_ADDED_DELETED_AND_MODIFIED", "FILE_DEPENDENCY", "FILE_DEPENDENCY_DIRECT", "FILE_DEPENDENCY_TRANSITIVE", "FILE_EXACT", "FILE_EXACT_FILE_MATCH", "FILE_SOME_FILES_MODIFIED", "MANUAL_BOM_COMPONENT", "MANUAL_BOM_FILE", "PARTIAL_FILE", "SNIPPET", "BINARY", "DIRECT_DEPENDENCY_BINARY", "TRANSITIVE_DEPENDENCY_BINARY" ]
      }, {
        "path" : "component",
        "type" : "String",
        "optional" : true,
        "description" : "Resource representing the matched component"
      }, {
        "path" : "matchConfidencePercentage",
        "type" : "Number",
        "optional" : true,
        "description" : "The confidence percentage of the component match"
      }, {
        "path" : "snippet",
        "type" : "String",
        "optional" : true,
        "description" : "Resource representing the matched snippet component"
      } ]
    } ]
  } ],
  "links" : [ ]
}