{
  "parameters" : [ {
    "name" : "offset",
    "description" : "The number of results to skip from the beginning of the available set"
  }, {
    "name" : "limit",
    "description" : "The maximum number of results to read from the available set"
  }, {
    "name" : "sort",
    "description" : "A specification of one or more fields to sort results by. Of format `<field> [asc | desc]`. Sortable Fields: [component.componentName]"
  }, {
    "name" : "q",
    "description" : "A specification of search terms to filter results by. Of format `<field1>:<value1>,...`. Searchable Fields: [componentOrVersionName]"
  }, {
    "name" : "comparedProjectVersion",
    "description" : "The URL of the project version to compare"
  }, {
    "name" : "filter",
    "description" : "A specification of properties to <<filtering,filter>> results by. Of format `<filterKey>:<filterValue>`. Supported Filters: [cryptoAlgorithms, bomComponents, missingData, policyCategory, bomMatchInclusion, bomMatchType, securityRisk, bomReviewStatus, operationalRisk, adjusted, bomUsage, policyRuleViolation, bomComponentSource, bomInclusion, bomLicense, bomAttribution, bomComment, bomMatchReviewStatus, licenseRisk, bomPolicy, policyRuleSeverity]"
  } ],
  "fields" : [ ]
}