{
  "parameters" : [ {
    "name" : "offset",
    "description" : "The number of results to skip from the beginning of the available set"
  }, {
    "name" : "limit",
    "description" : "The maximum number of results to read from the available set"
  }, {
    "name" : "sort",
    "description" : "A specification of one or more fields to sort results by. Of format `<field> [asc | desc]`. Sortable Fields: [lastlogindate, username]"
  }, {
    "name" : "sinceDays",
    "description" : "The number of days before which to find users who have not logged into the system."
  } ],
  "fields" : [ ]
}