{
  "fields" : [ {
    "path" : "createdAt",
    "type" : "String",
    "optional" : false,
    "description" : "The date/time when the notification was created"
  }, {
    "path" : "_meta",
    "type" : "Object",
    "optional" : false,
    "description" : "Meta data associated with the representation, as described in <<metadata,Meta Data>>"
  }, {
    "path" : "type",
    "type" : "String",
    "optional" : false,
    "description" : "The category of notification represented.",
    "allowedValues" : [ "POLICY_OVERRIDE", "RULE_VIOLATION", "VULNERABILITY", "LICENSE_LIMIT", "RULE_VIOLATION_CLEARED", "PROJECT", "PROJECT_VERSION", "BOM_EDIT", "VERSION_BOM_CODE_LOCATION_BOM_COMPUTED" ]
  }, {
    "path" : "contentType",
    "type" : "String",
    "optional" : false,
    "description" : "The content type of the notification"
  }, {
    "path" : "content",
    "type" : "Object",
    "optional" : false,
    "description" : "JSON content specific to the <<notification-type-data-representation,notification type>>"
  } ],
  "links" : [ ]
}