{
  "parameters" : [ ],
  "fields" : [ {
    "path" : "complexity",
    "type" : "Number",
    "optional" : true,
    "description" : " Required number of character classes (default 1)"
  }, {
    "path" : "minimumLength",
    "type" : "Number",
    "optional" : true,
    "description" : "Minimum password length (default 8)"
  }, {
    "path" : "maximumLength",
    "type" : "Number",
    "optional" : true,
    "description" : "Maximum password length (default 128)"
  }, {
    "path" : "validateExisting",
    "type" : "Boolean",
    "optional" : true,
    "description" : "Validate existing passwords (default false)"
  }, {
    "path" : "checkList",
    "type" : "Boolean",
    "optional" : true,
    "description" : "Check against password dictionary (default true)"
  }, {
    "path" : "enabled",
    "type" : "Boolean",
    "optional" : true,
    "description" : "Check passwords (default true)"
  } ]
}