{
  "parameters" : [ ],
  "fields" : [ {
    "path" : "approvalStatus",
    "type" : "String",
    "optional" : false,
    "description" : "The level of approval that has been given to use the component version.",
    "allowedValues" : [ "UNREVIEWED", "IN_REVIEW", "REVIEWED", "APPROVED", "CONDITIONALLY_APPROVED", "REJECTED", "DEPRECATED" ]
  }, {
    "path" : "license",
    "type" : "Object",
    "optional" : false,
    "description" : "The combination of licenses to assign to the component version",
    "fields" : [ {
      "path" : "licenses[]",
      "type" : "Array",
      "optional" : false,
      "description" : "Related licenses which follow the same structure as the license field"
    }, {
      "path" : "type",
      "type" : "String",
      "optional" : false,
      "description" : "The relation of contained licenses.",
      "allowedValues" : [ "CONJUNCTIVE", "DISJUNCTIVE" ]
    }, {
      "path" : "license",
      "type" : "String",
      "optional" : false,
      "description" : "URL to the representation of the license to assign"
    } ]
  }, {
    "path" : "notes",
    "type" : "String",
    "optional" : true,
    "description" : "Notes regarding the usage of this component version"
  }, {
    "path" : "versionName",
    "type" : "String",
    "optional" : false,
    "description" : "The general identifier of the component version"
  }, {
    "path" : "releasedOn",
    "type" : "String",
    "optional" : true,
    "description" : "The Date/Time the component version was released on"
  } ]
}