{
  "fields" : [ {
    "path" : "reportContent",
    "type" : "Array",
    "optional" : false,
    "description" : "The object containing the requested contents of the report",
    "fields" : [ {
      "path" : "fileName",
      "type" : "String",
      "optional" : false,
      "description" : "The full file name of the report"
    }, {
      "path" : "fileContent",
      "type" : "String",
      "optional" : false,
      "description" : "The contents of the report"
    }, {
      "path" : "fileNamePrefix",
      "type" : "String",
      "optional" : false,
      "description" : "The file name of the report, excluding the file type extension"
    } ]
  } ],
  "links" : [ ]
}