{
  "parameters" : [ ],
  "fields" : [ {
    "path" : "active",
    "type" : "Boolean",
    "optional" : false,
    "description" : "Whether the updated copyright should be active or not"
  }, {
    "path" : "_meta",
    "type" : "Object",
    "optional" : false,
    "description" : "Meta data associated with the representation, as described in <<metadata,Meta Data>>"
  }, {
    "path" : "source",
    "type" : "String",
    "optional" : false,
    "description" : "The source of the copyright"
  }, {
    "path" : "updatedCopyright",
    "type" : "String",
    "optional" : false,
    "description" : "The updated copyright string"
  } ]
}