{
  "parameters" : [ ],
  "fields" : [ {
    "path" : "description",
    "type" : "String",
    "optional" : true,
    "description" : "A more detailed description of the custom field"
  }, {
    "path" : "active",
    "type" : "Boolean",
    "optional" : false,
    "description" : "Whether the custom field is active or not. Inactive custom fields are not displayed on their target objects"
  }, {
    "path" : "position",
    "type" : "Number",
    "optional" : false,
    "description" : "The position the custom field will appear in a list of custom fields"
  }, {
    "path" : "label",
    "type" : "String",
    "optional" : false,
    "description" : "The name of the custom field"
  }, {
    "path" : "type",
    "type" : "String",
    "optional" : false,
    "description" : "The datatype of the custom field.",
    "allowedValues" : [ "TEXT", "TEXTAREA", "DROPDOWN", "RADIO", "MULTISELECT", "BOOLEAN", "DATE" ]
  } ]
}