{
  "parameters" : [ ],
  "fields" : [ {
    "path" : "reportType",
    "type" : "String",
    "optional" : true,
    "description" : "The file type for the given report"
  }, {
    "path" : "versionId",
    "type" : "String",
    "optional" : false,
    "description" : "Unique identifier of the version"
  }, {
    "path" : "reportFormat",
    "type" : "String",
    "optional" : false,
    "description" : "The file format for the given report.",
    "allowedValues" : [ "JSON", "TEXT" ]
  }, {
    "path" : "categories",
    "type" : "Array",
    "optional" : true,
    "description" : "The version report categories for the given report.",
    "allowedValues" : [ "COPYRIGHT_TEXT" ]
  }, {
    "path" : "locale",
    "type" : "String",
    "optional" : true,
    "description" : "The locale used in generating the report's contents"
  } ]
}