{
  "parameters" : [ ],
  "fields" : [ {
    "path" : "notes",
    "type" : "String",
    "optional" : true,
    "description" : "The license's notes"
  }, {
    "path" : "licenseStatus",
    "type" : "String",
    "optional" : false,
    "description" : "The approval status of the license.",
    "allowedValues" : [ "UNREVIEWED", "IN_REVIEW", "REVIEWED", "APPROVED", "CONDITIONALLY_APPROVED", "REJECTED", "DEPRECATED" ]
  }, {
    "path" : "name",
    "type" : "String",
    "optional" : false,
    "description" : "Label distinguishing the license from other licenses"
  }, {
    "path" : "codeSharing",
    "type" : "String",
    "optional" : false,
    "description" : "The shareability allowed by the license.",
    "allowedValues" : [ "PERMISSIVE", "RECIPROCAL", "WEAK_RECIPROCAL", "RECIPROCAL_AGPL", "UNKNOWN" ]
  }, {
    "path" : "text",
    "type" : "String",
    "optional" : true,
    "description" : "The text of the license"
  }, {
    "path" : "expirationDate",
    "type" : "String",
    "optional" : true,
    "description" : "Timestamp of when the license will expire"
  } ]
}