{
  "fields" : [ {
    "path" : "role",
    "type" : "String",
    "optional" : false,
    "description" : "URL to the role's representation"
  }, {
    "path" : "scope",
    "type" : "String",
    "optional" : false,
    "description" : "The scope of the role, can be server wide or limited to a specific project. Possible Values: 'server' or the URL to the project's representation"
  }, {
    "path" : "name",
    "type" : "String",
    "optional" : false,
    "description" : "The name of the role"
  }, {
    "path" : "description",
    "type" : "String",
    "optional" : false,
    "description" : "Description of the role's purpose"
  }, {
    "path" : "_meta",
    "type" : "Object",
    "optional" : false,
    "description" : "Meta data associated with the representation, as described in <<metadata,Meta Data>>"
  } ],
  "links" : [ ]
}