{
  "fields" : [ {
    "path" : "_meta",
    "type" : "Object",
    "optional" : false,
    "description" : "Meta data associated with the representation, as described in <<metadata,Meta Data>>"
  }, {
    "path" : "totalCount",
    "type" : "Number",
    "optional" : false,
    "description" : "The total number of elements available in the result set"
  }, {
    "path" : "items",
    "type" : "Array",
    "optional" : true,
    "description" : "The specific sub-set of direct dependencies requested"
  } ],
  "links" : [ {
    "rel" : "component",
    "optional" : true,
    "description" : "Resource representing the component"
  }, {
    "rel" : "version",
    "optional" : true,
    "description" : "Resource representing the component version"
  }, {
    "rel" : "origin",
    "optional" : true,
    "description" : "Resource representing the component version origin"
  } ]
}