{
  "fields" : [ {
    "path" : "licenseConflicts",
    "type" : "Boolean",
    "optional" : false,
    "description" : "Whether license conflicts are shown on the legal tab for review"
  }, {
    "path" : "termFulfillment",
    "type" : "Boolean",
    "optional" : false,
    "description" : "Whether license term fulfillment is shown on the legal tab for review"
  }, {
    "path" : "_meta",
    "type" : "Object",
    "optional" : false,
    "description" : "Meta data associated with the representation, as described in <<metadata,Meta Data>>"
  } ],
  "links" : [ ]
}