{
  "fields" : [ {
    "path" : "createdAt",
    "type" : "String",
    "optional" : true,
    "description" : "The date/time the license term was created"
  }, {
    "path" : "updatedBy",
    "type" : "Object",
    "optional" : false,
    "description" : "The user who updated the license term, as described in <<userSummary,User Summary>>"
  }, {
    "path" : "responsibility",
    "type" : "String",
    "optional" : false,
    "description" : "The type of responsibility obligation defined by the license term.",
    "allowedValues" : [ "FORBIDDEN", "PERMITTED", "REQUIRED" ]
  }, {
    "path" : "createdBy",
    "type" : "Object",
    "optional" : false,
    "description" : "The user who created the license term, as described in <<userSummary,User Summary>>"
  }, {
    "path" : "deprecated",
    "type" : "Boolean",
    "optional" : false,
    "description" : "Whether the license term is deprecated"
  }, {
    "path" : "name",
    "type" : "String",
    "optional" : false,
    "description" : "The general identifier of the license term"
  }, {
    "path" : "description",
    "type" : "String",
    "optional" : false,
    "description" : "The description of the license term"
  }, {
    "path" : "_meta",
    "type" : "Object",
    "optional" : false,
    "description" : "Meta data associated with the representation, as described in <<metadata,Meta Data>>"
  }, {
    "path" : "source",
    "type" : "String",
    "optional" : false,
    "description" : "The source of the license term.",
    "allowedValues" : [ "CUSTOM", "KB" ]
  }, {
    "path" : "category",
    "type" : "Object",
    "optional" : false,
    "description" : "The representation of the license term category summary",
    "fields" : [ {
      "path" : "name",
      "type" : "String",
      "optional" : false,
      "description" : "The name of the license category"
    }, {
      "path" : "href",
      "type" : "String",
      "optional" : false,
      "description" : "Resource representing the license category"
    } ]
  }, {
    "path" : "updatedAt",
    "type" : "String",
    "optional" : true,
    "description" : "The date/time the license term was updated"
  } ],
  "links" : [ ]
}