{
  "fields" : [ {
    "path" : "severity",
    "type" : "String",
    "optional" : false,
    "description" : "The level of impact the policy has.",
    "allowedValues" : [ "UNSPECIFIED", "TRIVIAL", "MINOR", "MAJOR", "CRITICAL", "BLOCKER" ]
  }, {
    "path" : "expression",
    "type" : "Object",
    "optional" : false,
    "description" : "The condition required to violate the policy",
    "fields" : [ {
      "path" : "operator",
      "type" : "String",
      "optional" : false,
      "description" : "The logical operator of the expression"
    }, {
      "path" : "expressions[]",
      "type" : "Array",
      "optional" : false,
      "description" : "The conditions required to violate the policy",
      "fields" : [ {
        "path" : "name",
        "type" : "String",
        "optional" : false,
        "description" : "What the expression is evaluating against"
      }, {
        "path" : "operation",
        "type" : "String",
        "optional" : false,
        "description" : "The boolean condition for the expression"
      }, {
        "path" : "parameters",
        "type" : "Object",
        "optional" : false,
        "description" : "The parameters for the expression",
        "fields" : [ {
          "path" : "values[]",
          "type" : "Array",
          "optional" : false,
          "description" : "The parameter values for the expression"
        } ]
      } ]
    } ]
  }, {
    "path" : "name",
    "type" : "String",
    "optional" : false,
    "description" : "The general identifier of the policy"
  }, {
    "path" : "overridable",
    "type" : "Boolean",
    "optional" : false,
    "description" : "Whether or not the policy can be overridden"
  }, {
    "path" : "description",
    "type" : "String",
    "optional" : false,
    "description" : "Summary of what the policy represents"
  }, {
    "path" : "_meta",
    "type" : "Object",
    "optional" : false,
    "description" : "Meta data associated with the representation, as described in <<metadata,Meta Data>>"
  }, {
    "path" : "enabled",
    "type" : "Boolean",
    "optional" : false,
    "description" : "Whether or not the policy is active"
  } ],
  "links" : [ ]
}