{
  "fields" : [ {
    "path" : "associationSource",
    "type" : "String",
    "optional" : false,
    "description" : "The source of the license term association.",
    "allowedValues" : [ "CUSTOM", "KB" ]
  }, {
    "path" : "responsibility",
    "type" : "String",
    "optional" : false,
    "description" : "The type of responsibility obligation defined by the license term.",
    "allowedValues" : [ "FORBIDDEN", "PERMITTED", "REQUIRED" ]
  }, {
    "path" : "fulfillmentRequired",
    "type" : "Boolean",
    "optional" : true,
    "description" : "The fulfillment requirement of the license term"
  }, {
    "path" : "name",
    "type" : "String",
    "optional" : false,
    "description" : "Label distinguishing the license term from other terms"
  }, {
    "path" : "description",
    "type" : "String",
    "optional" : true,
    "description" : "The description of the license term"
  }, {
    "path" : "_meta",
    "type" : "Object",
    "optional" : false,
    "description" : "Meta data associated with the representation, as described in <<metadata,Meta Data>>"
  }, {
    "path" : "deactivated",
    "type" : "Boolean",
    "optional" : true,
    "description" : "The activation state of a KB defined license term"
  } ],
  "links" : [ ]
}