{
  "fields" : [ {
    "path" : "_meta",
    "type" : "Object",
    "optional" : false,
    "description" : "Meta data associated with the representation, as described in <<metadata,Meta Data>>"
  }, {
    "path" : "fixesPreviousVulnerabilities",
    "type" : "Object",
    "optional" : true,
    "description" : "The component version that fixes the current vulnerability set",
    "fields" : [ {
      "path" : "componentVersion",
      "type" : "String",
      "optional" : true,
      "description" : "The general identifier of the component version"
    }, {
      "path" : "releasedOn",
      "type" : "String",
      "optional" : true,
      "description" : "The date the version became available for use"
    }, {
      "path" : "name",
      "type" : "String",
      "optional" : true,
      "description" : "The general identifier of the component version"
    }, {
      "path" : "vulnerabilityCount",
      "type" : "Number",
      "optional" : true,
      "description" : "The number of vulnerabilities associated with the component version"
    } ]
  }, {
    "path" : "latestAfterCurrent",
    "type" : "Object",
    "optional" : true,
    "description" : "The most recent version of the component",
    "fields" : [ {
      "path" : "componentVersion",
      "type" : "String",
      "optional" : true,
      "description" : "The general identifier of the component version"
    }, {
      "path" : "releasedOn",
      "type" : "String",
      "optional" : true,
      "description" : "The date the version became available for use"
    }, {
      "path" : "name",
      "type" : "String",
      "optional" : true,
      "description" : "The general identifier of the component version"
    }, {
      "path" : "vulnerabilityCount",
      "type" : "Number",
      "optional" : true,
      "description" : "The number of vulnerabilities associated with the component version"
    } ]
  }, {
    "path" : "noVulnerabilities",
    "type" : "Object",
    "optional" : true,
    "description" : "The most recent component version with no known vulnerabilities",
    "fields" : [ {
      "path" : "componentVersion",
      "type" : "String",
      "optional" : true,
      "description" : "The general identifier of the component version"
    }, {
      "path" : "releasedOn",
      "type" : "String",
      "optional" : true,
      "description" : "The date the version became available for use"
    }, {
      "path" : "name",
      "type" : "String",
      "optional" : true,
      "description" : "The general identifier of the component version"
    }, {
      "path" : "vulnerabilityCount",
      "type" : "Number",
      "optional" : true,
      "description" : "The number of vulnerabilities associated with the component version"
    } ]
  } ],
  "links" : [ ]
}