{
  "fields" : [ {
    "path" : "items[]",
    "type" : "Array",
    "optional" : true,
    "description" : "The specific sub-set of file level data representations requested",
    "fields" : [ {
      "path" : "_meta",
      "type" : "Object",
      "optional" : false,
      "description" : "Meta data associated with the representation, as described in <<metadata,Meta Data>>"
    } ]
  }, {
    "path" : "_meta",
    "type" : "Object",
    "optional" : false,
    "description" : "Meta data associated with the representation, as described in <<metadata,Meta Data>>"
  } ],
  "links" : [ {
    "rel" : "next",
    "optional" : true,
    "description" : "A link to the next page of the results set, present only if there is another page of results"
  } ]
}