{
  "fields" : [ {
    "path" : "phase",
    "type" : "String",
    "optional" : false,
    "description" : "Current phase of development of the version"
  }, {
    "path" : "createdByUser",
    "type" : "String",
    "optional" : true,
    "description" : "URL for the resource representing the version creator"
  }, {
    "path" : "settingUpdatedBy",
    "type" : "String",
    "optional" : true,
    "description" : "The username who last updated the version"
  }, {
    "path" : "_meta",
    "type" : "Object",
    "optional" : false,
    "description" : "Meta data associated with the representation, as described in <<metadata,Meta Data>>"
  }, {
    "path" : "source",
    "type" : "String",
    "optional" : false,
    "description" : "The source type of the version"
  }, {
    "path" : "versionName",
    "type" : "String",
    "optional" : false,
    "description" : "The name of the version"
  }, {
    "path" : "distribution",
    "type" : "String",
    "optional" : false,
    "description" : "The distribution of the version"
  }, {
    "path" : "releasedOn",
    "type" : "String",
    "optional" : true,
    "description" : "Time/Date the version was released"
  }, {
    "path" : "releaseComments",
    "type" : "String",
    "optional" : true,
    "description" : "Pertinent comments or notes associated with the version"
  }, {
    "path" : "license",
    "type" : "Object",
    "optional" : true,
    "description" : "The combination of licenses to assign to the component version",
    "fields" : [ {
      "path" : "type",
      "type" : "String",
      "optional" : true,
      "description" : "The relation of contained licenses. Possible Values: [CONJUNCTIVE, DISJUNCTIVE]"
    }, {
      "path" : "licenses[]",
      "type" : "Array",
      "optional" : true,
      "description" : "Related licenses which follow the same structure as the license field",
      "fields" : [ {
        "path" : "license",
        "type" : "String",
        "optional" : true,
        "description" : "URL to the representation of the license to assign"
      }, {
        "path" : "name",
        "type" : "String",
        "optional" : true,
        "description" : "The name of the license"
      }, {
        "path" : "licenseFamilySummary",
        "type" : "Object",
        "optional" : true,
        "description" : "A summary of the license family",
        "fields" : [ {
          "path" : "name",
          "type" : "String",
          "optional" : true,
          "description" : "The name of the license family"
        }, {
          "path" : "href",
          "type" : "String",
          "optional" : true,
          "description" : "URL to the representation of the license family"
        } ]
      }, {
        "path" : "licenses[]",
        "type" : "Array",
        "optional" : true,
        "description" : "Related licenses which follow the same structure as the license field"
      } ]
    }, {
      "path" : "licenseDisplay",
      "type" : "String",
      "optional" : true,
      "description" : "The display status of the collection of licenses"
    } ]
  }, {
    "path" : "createdAt",
    "type" : "String",
    "optional" : true,
    "description" : "The date/time when the version was created"
  }, {
    "path" : "createdBy",
    "type" : "String",
    "optional" : true,
    "description" : "The username who created the version"
  }, {
    "path" : "nickname",
    "type" : "String",
    "optional" : true,
    "description" : "An alternative commonly used name or alias for the project version"
  }, {
    "path" : "settingUpdatedAt",
    "type" : "String",
    "optional" : true,
    "description" : "Time/Date the version was last updated"
  }, {
    "path" : "settingUpdatedByUser",
    "type" : "String",
    "optional" : true,
    "description" : "URL for the resource representing the user who last updated the version"
  } ],
  "links" : [ {
    "rel" : "versionReport",
    "optional" : true,
    "description" : "Resource representing the version report"
  }, {
    "rel" : "licenseReports",
    "optional" : true,
    "description" : "Resource representing the license report of the version"
  }, {
    "rel" : "riskProfile",
    "optional" : true,
    "description" : "Resource representing the risk profile of the version"
  }, {
    "rel" : "components",
    "optional" : true,
    "description" : "Resource representing the <<bill-of-materials, Bill of Materials>> within the version"
  }, {
    "rel" : "hierarchical-components",
    "optional" : true,
    "description" : "Resource representing the hierarchical-components within the version"
  }, {
    "rel" : "vulnerable-components",
    "optional" : true,
    "description" : "Resource representing the vulnerable components within the version"
  }, {
    "rel" : "comparison",
    "optional" : true,
    "description" : "Resource to compare the version"
  }, {
    "rel" : "project",
    "optional" : true,
    "description" : "Resource representing the project the version is within"
  }, {
    "rel" : "custom-fields",
    "optional" : true,
    "description" : "Resource representing the custom fields used within the version"
  }, {
    "rel" : "policy-status",
    "optional" : true,
    "description" : "Resource representing the policy status of the version"
  }, {
    "rel" : "attachments",
    "optional" : true,
    "description" : "Resource representing the attachments within the version"
  }, {
    "rel" : "codelocations",
    "optional" : true,
    "description" : "Resource representing the code locations used within the version"
  }, {
    "rel" : "project-version-journal",
    "optional" : true,
    "description" : "Resource representing the journal of the project version"
  }, {
    "rel" : "issues",
    "optional" : true,
    "description" : "Resource representing the issues associated with components used within the version"
  } ]
}