{
  "fields" : [ {
    "path" : "items[]",
    "type" : "Array",
    "optional" : false,
    "description" : "The updated custom fields",
    "fields" : [ {
      "path" : "position",
      "type" : "Number",
      "optional" : false,
      "description" : "The location of the object within the BOM entry's list of custom fields"
    }, {
      "path" : "label",
      "type" : "String",
      "optional" : false,
      "description" : "The name of the updated custom field"
    }, {
      "path" : "description",
      "type" : "String",
      "optional" : true,
      "description" : "A more detailed description of the updated custom field"
    }, {
      "path" : "type",
      "type" : "String",
      "optional" : false,
      "description" : "The datatype of the updated custom field.",
      "allowedValues" : [ "TEXT", "TEXTAREA", "DROPDOWN", "RADIO", "MULTISELECT", "BOOLEAN", "DATE" ]
    }, {
      "path" : "active",
      "type" : "Boolean",
      "optional" : false,
      "description" : "Whether the updated custom field is active or not. Inactive custom fields are not displayed in the UI"
    }, {
      "path" : "values",
      "type" : "Array",
      "optional" : false,
      "description" : "The data stored in the custom field for this specific BOM entry. Will be null if there is no data stored"
    }, {
      "path" : "required",
      "type" : "Boolean",
      "optional" : false,
      "description" : "Whether the updated custom field is required and not recommended"
    }, {
      "path" : "recommended",
      "type" : "Boolean",
      "optional" : true,
      "description" : "Whether the required setting is recommended and not required"
    }, {
      "path" : "_meta",
      "type" : "Object",
      "optional" : false,
      "description" : "Meta data associated with the representation, as described in <<metadata,Meta Data>>"
    } ]
  }, {
    "path" : "_meta",
    "type" : "Object",
    "optional" : false,
    "description" : "Meta data associated with the representation, as described in <<metadata,Meta Data>>"
  }, {
    "path" : "totalCount",
    "type" : "Number",
    "optional" : false,
    "description" : "The number of custom fields updated"
  } ],
  "links" : [ ]
}