{
  "fields" : [ {
    "path" : "updatedByUser",
    "type" : "String",
    "optional" : false,
    "description" : "URL for the resource representing the project last editor"
  }, {
    "path" : "projectTier",
    "type" : "Number",
    "optional" : true,
    "description" : "The level of exposure the project has to potential attackers.",
    "allowedValues" : [ "1", "2", "3", "4", "5" ]
  }, {
    "path" : "updatedBy",
    "type" : "String",
    "optional" : false,
    "description" : "The username who updated the project setting"
  }, {
    "path" : "createdByUser",
    "type" : "String",
    "optional" : false,
    "description" : "URL for the resource representing the project creator"
  }, {
    "path" : "projectLevelAdjustments",
    "type" : "Boolean",
    "optional" : false,
    "description" : "Whether BOM level adjustments are applied at the project level (to all releases)"
  }, {
    "path" : "description",
    "type" : "String",
    "optional" : false,
    "description" : "Summary of what the project represents in terms of functionality and use"
  }, {
    "path" : "_meta",
    "type" : "Object",
    "optional" : false,
    "description" : "Meta data associated with the representation, as described in <<metadata,Meta Data>>"
  }, {
    "path" : "customSignatureDepth",
    "type" : "Number",
    "optional" : true,
    "description" : "The match depth when custom signature is enabled for the project"
  }, {
    "path" : "createdAt",
    "type" : "String",
    "optional" : false,
    "description" : "The date/time when the project was created"
  }, {
    "path" : "createdBy",
    "type" : "String",
    "optional" : false,
    "description" : "The username who created the project"
  }, {
    "path" : "name",
    "type" : "String",
    "optional" : false,
    "description" : "The general identifier of the project"
  }, {
    "path" : "projectOwner",
    "type" : "String",
    "optional" : true,
    "description" : "URL for the resource representing the project owner"
  }, {
    "path" : "cloneCategories",
    "type" : "Array",
    "optional" : true,
    "description" : "The set of categories of data to clone when creating a new project version.",
    "allowedValues" : [ "COMPONENT_DATA", "VULN_DATA", "LICENSE_TERM_FULFILLMENT" ]
  }, {
    "path" : "customSignatureEnabled",
    "type" : "Boolean",
    "optional" : true,
    "description" : "If the project should be matched against for future scans"
  }, {
    "path" : "updatedAt",
    "type" : "String",
    "optional" : false,
    "description" : "The date/time when the project settings were last updated"
  } ],
  "links" : [ {
    "rel" : "versions",
    "optional" : false,
    "description" : "Resource listing versions associated with project"
  }, {
    "rel" : "canonicalVersion",
    "optional" : true,
    "description" : "Resource representing the canonical version of the project, if specified"
  }, {
    "rel" : "assignable-users",
    "optional" : false,
    "description" : "Resource representing users assignable to the project"
  }, {
    "rel" : "assignable-usergroups",
    "optional" : false,
    "description" : "Resource representing user groups assignable to the project"
  }, {
    "rel" : "users",
    "optional" : false,
    "description" : "Resource representing users assigned to the project"
  }, {
    "rel" : "usergroups",
    "optional" : false,
    "description" : "Resource representing user groups assigned to the project"
  }, {
    "rel" : "tags",
    "optional" : false,
    "description" : "Resource representing project tags"
  }, {
    "rel" : "project-mappings",
    "optional" : false,
    "description" : "Resource representing application identifier(s) mapped to the project"
  }, {
    "rel" : "project-journal",
    "optional" : false,
    "description" : "Resource representing the journal for the project"
  }, {
    "rel" : "custom-fields",
    "optional" : false,
    "description" : "Resource representing the project's custom fields"
  }, {
    "rel" : "notification-subscription",
    "optional" : true,
    "description" : "Resource representing a subscription to notifications related to the project. Not present if the current user is not subscribed to this project"
  } ]
}