{
  "parameters" : [ ],
  "fields" : [ {
    "path" : "approvalStatus",
    "type" : "String",
    "optional" : false,
    "description" : "The level of approval that has been given to use the component.",
    "allowedValues" : [ "UNREVIEWED", "IN_REVIEW", "REVIEWED", "APPROVED", "LIMITED_APPROVAL", "REJECTED", "DEPRECATED" ]
  }, {
    "path" : "notes",
    "type" : "String",
    "optional" : true,
    "description" : "Notes regarding the usage of this component"
  }, {
    "path" : "name",
    "type" : "String",
    "optional" : false,
    "description" : "The general identifier of the component"
  }, {
    "path" : "description",
    "type" : "String",
    "optional" : true,
    "description" : "Summary of what the component represents"
  }, {
    "path" : "logo",
    "type" : "Object",
    "optional" : true,
    "description" : "A logo for the component",
    "fields" : [ {
      "path" : "smallLogoUrl",
      "type" : "String",
      "optional" : true,
      "description" : "A URL pointing to a small sized logo image"
    }, {
      "path" : "mediumLogoUrl",
      "type" : "String",
      "optional" : true,
      "description" : "A URL pointing to a medium sized logo image"
    } ]
  }, {
    "path" : "version",
    "type" : "Object",
    "optional" : false,
    "description" : "Values to initialize the first version of the project with",
    "fields" : [ {
      "path" : "versionName",
      "type" : "String",
      "optional" : false,
      "description" : "The name of the initial version to create"
    }, {
      "path" : "releasedOn",
      "type" : "String",
      "optional" : true,
      "description" : "The date the version became available for use"
    }, {
      "path" : "license",
      "type" : "Object",
      "optional" : false,
      "description" : "The combination of licenses to assign to the component version",
      "fields" : [ {
        "path" : "type",
        "type" : "String",
        "optional" : true,
        "description" : "The relation of contained licenses.",
        "allowedValues" : [ "CONJUNCTIVE", "DISJUNCTIVE" ]
      }, {
        "path" : "license",
        "type" : "String",
        "optional" : false,
        "description" : "URL to the representation of the license to assign"
      }, {
        "path" : "licenses[]",
        "type" : "Array",
        "optional" : true,
        "description" : "Related licenses which follow the same structure as the license field"
      } ]
    }, {
      "path" : "notes",
      "type" : "String",
      "optional" : true,
      "description" : "Notes regarding the usage of this component version"
    }, {
      "path" : "approvalStatus",
      "type" : "String",
      "optional" : true,
      "description" : "The level of approval that has been given to use the component version.",
      "allowedValues" : [ "UNREVIEWED", "IN_REVIEW", "REVIEWED", "APPROVED", "CONDITIONALLY_APPROVED", "REJECTED", "DEPRECATED" ]
    } ]
  }, {
    "path" : "url",
    "type" : "String",
    "optional" : true,
    "description" : "URL where more information about the component is available"
  }, {
    "path" : "primaryLanguage",
    "type" : "String",
    "optional" : true,
    "description" : "The primary language the component is written in"
  } ]
}