{
  "fields" : [ {
    "path" : "lastName",
    "type" : "String",
    "optional" : true,
    "description" : "Last name of the user who performed the override"
  }, {
    "path" : "componentVersion",
    "type" : "String",
    "optional" : true,
    "description" : "URL for the resource representing the component version the override occurred for, if applicable"
  }, {
    "path" : "bomComponent",
    "type" : "String",
    "optional" : true,
    "description" : "URL for the resource representing the bill of materials entry overidden"
  }, {
    "path" : "bomComponentVersionPolicyStatus",
    "type" : "String",
    "optional" : true,
    "description" : "URL for the resource representing the status of the policy override"
  }, {
    "path" : "firstName",
    "type" : "String",
    "optional" : true,
    "description" : "First name of the user who performed the override"
  }, {
    "path" : "component",
    "type" : "String",
    "optional" : true,
    "description" : "URL for the resource representing the component the override occurred for, if applicable"
  }, {
    "path" : "policyInfos[]",
    "type" : "Array",
    "optional" : true,
    "description" : "Information about overridden policies",
    "fields" : [ {
      "path" : "policy",
      "type" : "String",
      "optional" : true,
      "description" : "URL to the resource representing the overriden rule"
    }, {
      "path" : "policyName",
      "type" : "String",
      "optional" : true,
      "description" : "Name of the overridden policy rule"
    }, {
      "path" : "severity",
      "type" : "String",
      "optional" : true,
      "description" : "Severity of the overriden policy rule"
    } ]
  }, {
    "path" : "policies[]",
    "type" : "Array",
    "optional" : true,
    "description" : "URL(s) to the resource(s) representing the overriden rule(s)"
  }, {
    "path" : "componentVersionName",
    "type" : "String",
    "optional" : true,
    "description" : "Name of the component version the override occurred for, if applicable"
  }, {
    "path" : "comment",
    "type" : "String",
    "optional" : true,
    "description" : "Comment by the user who performed the override, if a comment was written"
  }, {
    "path" : "componentName",
    "type" : "String",
    "optional" : true,
    "description" : "Name of the component the override occurred for"
  }, {
    "path" : "projectName",
    "type" : "String",
    "optional" : true,
    "description" : "Name of the project the policy override occurred in"
  }, {
    "path" : "projectVersion",
    "type" : "String",
    "optional" : true,
    "description" : "URL for the resource representing the project version the policy override occurred in"
  }, {
    "path" : "projectVersionName",
    "type" : "String",
    "optional" : true,
    "description" : "Name of the project version the policy override occurred in"
  } ],
  "links" : [ ]
}