{
  "fields" : [ {
    "path" : "_meta",
    "type" : "Object",
    "optional" : false,
    "description" : "Meta data associated with the representation, as described in <<metadata,Meta Data>>"
  }, {
    "path" : "policyStatus",
    "type" : "Boolean",
    "optional" : false,
    "description" : "Whether the Project Manager role includes policy review permissions"
  }, {
    "path" : "securityStatus",
    "type" : "Boolean",
    "optional" : false,
    "description" : "Whether the Project Manager role includes security remediation permissions"
  } ],
  "links" : [ ]
}