{
  "parameters" : [ ],
  "fields" : [ {
    "path" : "approvalStatus",
    "type" : "String",
    "optional" : false,
    "description" : "The policy approval status in relation to the component.",
    "allowedValues" : [ "NOT_IN_VIOLATION", "IN_VIOLATION_OVERRIDDEN", "IN_VIOLATION" ]
  }, {
    "path" : "comment",
    "type" : "String",
    "optional" : true,
    "description" : "The comment created by the last user to update the policy's approval status."
  }, {
    "path" : "updatedAt",
    "type" : "String",
    "optional" : true,
    "description" : "The date/time the policy was last updated."
  } ]
}