{
  "fields" : [ {
    "path" : "componentVersionsInViolation",
    "type" : "Number",
    "optional" : true,
    "description" : "Count of components/versions now violating a policy rule"
  }, {
    "path" : "policyInfos[]",
    "type" : "Array",
    "optional" : true,
    "description" : "Information about violated policies",
    "fields" : [ {
      "path" : "policy",
      "type" : "String",
      "optional" : true,
      "description" : "URL to the resource representing the violated rule"
    }, {
      "path" : "policyName",
      "type" : "String",
      "optional" : true,
      "description" : "Name of the violated policy rule"
    }, {
      "path" : "severity",
      "type" : "String",
      "optional" : true,
      "description" : "Severity of the violated policy rule"
    } ]
  }, {
    "path" : "componentVersionStatuses[]",
    "type" : "Array",
    "optional" : true,
    "description" : "Information for component(s) in violation",
    "fields" : [ {
      "path" : "component",
      "type" : "String",
      "optional" : true,
      "description" : "URL for the resource representing the component the violation occurred for, if applicable"
    }, {
      "path" : "componentVersion",
      "type" : "String",
      "optional" : true,
      "description" : "URL for the resource representing the component version the violation occurred for, if applicable"
    }, {
      "path" : "componentName",
      "type" : "String",
      "optional" : true,
      "description" : "Name of the component the violation occurred for"
    }, {
      "path" : "componentVersionName",
      "type" : "String",
      "optional" : true,
      "description" : "Name of the component version the violation occurred for, if applicable"
    }, {
      "path" : "bomComponentVersionPolicyStatus",
      "type" : "String",
      "optional" : true,
      "description" : "URL for the resource representing the status of the policy violation"
    }, {
      "path" : "componentIssueLink",
      "type" : "String",
      "optional" : true,
      "description" : "URL to a resource representing issues filed for the violating component"
    }, {
      "path" : "policies[]",
      "type" : "Array",
      "optional" : true,
      "description" : "URL(s) to the resource(s) representing the violated rule(s)"
    }, {
      "path" : "bomComponent",
      "type" : "String",
      "optional" : true,
      "description" : "URL for the resource representing the bill of materials entry in violation"
    } ]
  }, {
    "path" : "projectName",
    "type" : "String",
    "optional" : true,
    "description" : "Name of the project the policy violation occurred in"
  }, {
    "path" : "projectVersion",
    "type" : "String",
    "optional" : true,
    "description" : "URL for the resource representing the project version the policy violation occurred in"
  }, {
    "path" : "projectVersionName",
    "type" : "String",
    "optional" : true,
    "description" : "Name of the project version the policy violation occurred in"
  } ],
  "links" : [ ]
}