{
  "fields" : [ {
    "path" : "items[]",
    "type" : "Array",
    "optional" : false,
    "description" : "The specific sub-set of custom field type requested",
    "fields" : [ {
      "path" : "name",
      "type" : "String",
      "optional" : false,
      "description" : "The localized name of the field data type"
    }, {
      "path" : "type",
      "type" : "String",
      "optional" : false,
      "description" : "The enumeration value of the field data type"
    }, {
      "path" : "supportsOptions",
      "type" : "Boolean",
      "optional" : false,
      "description" : "Whether the field data type supports options"
    } ]
  }, {
    "path" : "_meta",
    "type" : "Object",
    "optional" : false,
    "description" : "Meta data associated with the representation, as described in <<metadata,Meta Data>>"
  }, {
    "path" : "totalCount",
    "type" : "Number",
    "optional" : false,
    "description" : "The total number of elements available in the result set"
  } ],
  "links" : [ ]
}