{
  "fields" : [ {
    "path" : "approvalStatus",
    "type" : "String",
    "optional" : false,
    "description" : "The level of approval given for use of the component version.",
    "allowedValues" : [ "UNREVIEWED", "IN_REVIEW", "REVIEWED", "APPROVED", "LIMITED_APPROVAL", "REJECTED", "DEPRECATED" ]
  }, {
    "path" : "license",
    "type" : "Object",
    "optional" : false,
    "description" : "The combination of licenses to assign to the component version",
    "fields" : [ {
      "path" : "type",
      "type" : "String",
      "optional" : false,
      "description" : "The relation of contained licenses.",
      "allowedValues" : [ "CONJUNCTIVE", "DISJUNCTIVE" ]
    }, {
      "path" : "license",
      "type" : "String",
      "optional" : false,
      "description" : "The name of the license"
    }, {
      "path" : "licenses",
      "type" : "Array",
      "optional" : false,
      "description" : "Related licenses which follow the same structure as the license field"
    } ]
  }, {
    "path" : "notes",
    "type" : "String",
    "optional" : true,
    "description" : "Any user-specified notes on the component version"
  }, {
    "path" : "_meta",
    "type" : "Object",
    "optional" : false,
    "description" : "Meta data associated with the representation, as described in <<metadata,Meta Data>>"
  }, {
    "path" : "source",
    "type" : "String",
    "optional" : false,
    "description" : "The source of data for the component version.",
    "allowedValues" : [ "CUSTOM", "KB", "KB_MODIFIED" ]
  }, {
    "path" : "versionName",
    "type" : "String",
    "optional" : false,
    "description" : "The general identifier of the component version"
  }, {
    "path" : "additionalHomepages",
    "type" : "Array",
    "optional" : false,
    "description" : "Any addition web addresses containing information on various distributions of the component version"
  } ],
  "links" : [ {
    "rel" : "homepage",
    "optional" : true,
    "description" : "Resource where more information on the component version may be found"
  }, {
    "rel" : "openhub",
    "optional" : true,
    "description" : "Resource on OpenHub representing the component version"
  }, {
    "rel" : "vulnerabilities",
    "optional" : true,
    "description" : "Resource representing vulnerabilities associated with the component version"
  }, {
    "rel" : "smallLogo",
    "optional" : true,
    "description" : "Resource representing a small version of the component version's logo"
  }, {
    "rel" : "mediumLogo",
    "optional" : true,
    "description" : "Resource representing a medium version of the component version's logo"
  } ]
}