{
  "fields" : [ {
    "path" : "reportType",
    "type" : "String",
    "optional" : false,
    "description" : "The file type for the given report.",
    "allowedValues" : [ "VERSION_LICENSE", "VERSION", "VULNERABILITY_REMEDIATION", "VULNERABILITY_STATUS", "VULNERABILITY_UPDATE" ]
  }, {
    "path" : "createdAt",
    "type" : "String",
    "optional" : true,
    "description" : "The Date/Time the report was created"
  }, {
    "path" : "fileName",
    "type" : "String",
    "optional" : true,
    "description" : "The file name for the given report"
  }, {
    "path" : "fileSize",
    "type" : "Number",
    "optional" : true,
    "description" : "The file size for the given report"
  }, {
    "path" : "createdBy",
    "type" : "String",
    "optional" : false,
    "description" : "The user that originally created this report"
  }, {
    "path" : "createdByUser",
    "type" : "String",
    "optional" : false,
    "description" : "URL linking to more information about the user who created this report "
  }, {
    "path" : "_meta",
    "type" : "Object",
    "optional" : false,
    "description" : "Meta data associated with the representation, as described in <<metadata,Meta Data>>"
  }, {
    "path" : "reportFormat",
    "type" : "String",
    "optional" : false,
    "description" : "The file format for the given report.",
    "allowedValues" : [ "CSV", "JSON", "TEXT" ]
  }, {
    "path" : "locale",
    "type" : "String",
    "optional" : true,
    "description" : "The locale used in generating the report's contents"
  }, {
    "path" : "fileNamePrefix",
    "type" : "String",
    "optional" : true,
    "description" : "The file name prefix for the given report"
  }, {
    "path" : "updatedAt",
    "type" : "String",
    "optional" : true,
    "description" : "The Date/Time the report was last updated"
  }, {
    "path" : "finishedAt",
    "type" : "String",
    "optional" : true,
    "description" : "The Date/Time the report was finished"
  } ],
  "links" : [ ]
}