{
  "fields" : [ {
    "path" : "approvalStatus",
    "type" : "String",
    "optional" : false,
    "description" : "The level of approval given for use of the component.",
    "allowedValues" : [ "UNREVIEWED", "IN_REVIEW", "REVIEWED", "APPROVED", "LIMITED_APPROVAL", "REJECTED", "DEPRECATED" ]
  }, {
    "path" : "notes",
    "type" : "String",
    "optional" : true,
    "description" : "Any user-specified notes on the component"
  }, {
    "path" : "name",
    "type" : "String",
    "optional" : false,
    "description" : "The general identifier of the component"
  }, {
    "path" : "description",
    "type" : "String",
    "optional" : true,
    "description" : "Summary of what the component represents in terms of functionality and use"
  }, {
    "path" : "_meta",
    "type" : "Object",
    "optional" : false,
    "description" : "Meta data associated with the representation, as described in <<metadata,Meta Data>>"
  }, {
    "path" : "source",
    "type" : "String",
    "optional" : false,
    "description" : "The source of data for the component.",
    "allowedValues" : [ "CUSTOM", "KB", "KB_MODIFIED" ]
  }, {
    "path" : "url",
    "type" : "String",
    "optional" : true,
    "description" : "Resource where more information on the component may be found"
  }, {
    "path" : "primaryLanguage",
    "type" : "String",
    "optional" : true,
    "description" : "The main language used to implement the component"
  }, {
    "path" : "additionalHomepages",
    "type" : "Array",
    "optional" : true,
    "description" : "Any addition web addresses containing information on various distributions of the component"
  } ],
  "links" : [ {
    "rel" : "versions",
    "optional" : false,
    "description" : "Resource listing versions associated with the component"
  }, {
    "rel" : "homepage",
    "optional" : true,
    "description" : "Resource where more information on the component may be found"
  }, {
    "rel" : "openhub",
    "optional" : true,
    "description" : "Resource on OpenHub representing the component"
  }, {
    "rel" : "vulnerabilities",
    "optional" : true,
    "description" : "Resource representing vulnerabilities associated with the component"
  }, {
    "rel" : "smallLogo",
    "optional" : true,
    "description" : "Resource representing a small version of the component's logo"
  }, {
    "rel" : "mediumLogo",
    "optional" : true,
    "description" : "Resource representing a medium version of the component's logo"
  }, {
    "rel" : "tags",
    "optional" : false,
    "description" : "Resource representing component tags"
  }, {
    "rel" : "custom-fields",
    "optional" : false,
    "description" : "Resource representing the component's custom fields"
  } ]
}