{
  "fields" : [ {
    "path" : "policyInfos[]",
    "type" : "Array",
    "optional" : true,
    "description" : "Information about policies",
    "fields" : [ {
      "path" : "policy",
      "type" : "String",
      "optional" : true,
      "description" : "URL to the resource representing the previously violated rule"
    }, {
      "path" : "policyName",
      "type" : "String",
      "optional" : true,
      "description" : "Name of the previously violated policy rule"
    }, {
      "path" : "severity",
      "type" : "String",
      "optional" : true,
      "description" : "Severity of the previously overriden policy rule"
    } ]
  }, {
    "path" : "componentVersionStatuses[]",
    "type" : "Array",
    "optional" : true,
    "description" : "Information for component(s) ino longer in violation",
    "fields" : [ {
      "path" : "component",
      "type" : "String",
      "optional" : true,
      "description" : "URL for the resource representing the component a violation previously occurred for, if applicable"
    }, {
      "path" : "componentVersion",
      "type" : "String",
      "optional" : true,
      "description" : "URL for the resource representing the component version a violation previously occurred for, if applicable"
    }, {
      "path" : "componentName",
      "type" : "String",
      "optional" : true,
      "description" : "Name of the component a violation previously occurred for"
    }, {
      "path" : "componentVersionName",
      "type" : "String",
      "optional" : true,
      "description" : "Name of the component version a violation previously occurred for, if applicable"
    }, {
      "path" : "bomComponentVersionPolicyStatus",
      "type" : "String",
      "optional" : true,
      "description" : "URL for the resource representing the status of the policy violation"
    }, {
      "path" : "componentIssueLink",
      "type" : "String",
      "optional" : true,
      "description" : "URL to a resource representing issues filed for the component"
    }, {
      "path" : "policies[]",
      "type" : "Array",
      "optional" : true,
      "description" : "URL(s) to the resource(s) representing the violated rule(s)"
    }, {
      "path" : "bomComponent",
      "type" : "String",
      "optional" : true,
      "description" : "URL for the resource representing the bill of materials entry no longer in violation"
    } ]
  }, {
    "path" : "projectName",
    "type" : "String",
    "optional" : true,
    "description" : "Name of the project the policy clearing occurred in"
  }, {
    "path" : "componentVersionsCleared",
    "type" : "Number",
    "optional" : true,
    "description" : "Count of components/versions no longer violating a policy rule"
  }, {
    "path" : "projectVersion",
    "type" : "String",
    "optional" : true,
    "description" : "URL for the resource representing the project version the policy clearing occurred in"
  }, {
    "path" : "projectVersionName",
    "type" : "String",
    "optional" : true,
    "description" : "Name of the project version the policy clearing occurred in"
  } ],
  "links" : [ ]
}