{
  "parameters" : [ ],
  "fields" : [ {
    "path" : "associationSource",
    "type" : "String",
    "optional" : false,
    "description" : "The source of the license term association.",
    "allowedValues" : [ "CUSTOM", "KB" ]
  }, {
    "path" : "responsibility",
    "type" : "String",
    "optional" : false,
    "description" : "The type of responsibility obligation defined by the license term.",
    "allowedValues" : [ "FORBIDDEN", "PERMITTED", "REQUIRED" ]
  }, {
    "path" : "fulfillmentRequired",
    "type" : "Boolean",
    "optional" : true,
    "description" : "The fulfillment requirement of the license term"
  }, {
    "path" : "deprecated",
    "type" : "Boolean",
    "optional" : true,
    "description" : "The deprecation status of a defined license term"
  }, {
    "path" : "name",
    "type" : "String",
    "optional" : false,
    "description" : "Label distinguishing the license term from other terms"
  }, {
    "path" : "description",
    "type" : "String",
    "optional" : true,
    "description" : "The description of the license term"
  }, {
    "path" : "deactivated",
    "type" : "Boolean",
    "optional" : true,
    "description" : "The activation state of a KB defined license term"
  } ]
}