{
  "parameters" : [ ],
  "fields" : [ {
    "path" : "notes",
    "type" : "String",
    "optional" : true,
    "description" : "The license's notes"
  }, {
    "path" : "ownership",
    "type" : "String",
    "optional" : true,
    "description" : "The ownership status of the license.",
    "allowedValues" : [ "OPEN_SOURCE", "PROPRIETARY", "UNKNOWN" ]
  }, {
    "path" : "licenseStatus",
    "type" : "String",
    "optional" : false,
    "description" : "The approval status of the license.",
    "allowedValues" : [ "UNREVIEWED", "IN_REVIEW", "REVIEWED", "APPROVED", "CONDITIONALLY_APPROVED", "REJECTED", "DEPRECATED" ]
  }, {
    "path" : "name",
    "type" : "String",
    "optional" : false,
    "description" : "Label distinguishing the license from other licenses"
  }, {
    "path" : "licenseFamily",
    "type" : "Object",
    "optional" : false,
    "description" : "The license family of the license",
    "fields" : [ {
      "path" : "name",
      "type" : "String",
      "optional" : false,
      "description" : "The name of the license family of the license"
    }, {
      "path" : "href",
      "type" : "String",
      "optional" : false,
      "description" : "The URL to the representation of the license family of the license"
    } ]
  }, {
    "path" : "expirationDate",
    "type" : "String",
    "optional" : true,
    "description" : "Timestamp of when the license will expire"
  } ]
}