{
  "fields" : [ {
    "path" : "ownership",
    "type" : "String",
    "optional" : false,
    "description" : "The ownership status of the license.",
    "allowedValues" : [ "OPEN_SOURCE", "PROPRIETARY", "UNKNOWN" ]
  }, {
    "path" : "licenseStatus",
    "type" : "String",
    "optional" : false,
    "description" : "The approval status of the license.",
    "allowedValues" : [ "UNREVIEWED", "IN_REVIEW", "REVIEWED", "APPROVED", "CONDITIONALLY_APPROVED", "REJECTED", "DEPRECATED" ]
  }, {
    "path" : "name",
    "type" : "String",
    "optional" : false,
    "description" : "Label distinguishing the license from other licenses"
  }, {
    "path" : "_meta",
    "type" : "Object",
    "optional" : false,
    "description" : "Meta data associated with the representation, as described in <<metadata,Meta Data>>"
  }, {
    "path" : "spdxId",
    "type" : "String",
    "optional" : false,
    "description" : "The SPDX ID of the license"
  }, {
    "path" : "codeSharing",
    "type" : "String",
    "optional" : false,
    "description" : "The shareability allowed by the license.",
    "allowedValues" : [ "PERMISSIVE", "RECIPROCAL", "WEAK_RECIPROCAL", "RECIPROCAL_AGPL", "UNKNOWN" ]
  }, {
    "path" : "licenseSource",
    "type" : "String",
    "optional" : false,
    "description" : "The source of the license.",
    "allowedValues" : [ "CUSTOM", "KB", "MODIFIED_KB" ]
  } ],
  "links" : [ ]
}