{
  "fields" : [ {
    "path" : "firstName",
    "type" : "String",
    "optional" : false,
    "description" : "The user's first name"
  }, {
    "path" : "lastName",
    "type" : "String",
    "optional" : false,
    "description" : "The user's last name"
  }, {
    "path" : "active",
    "type" : "Boolean",
    "optional" : false,
    "description" : "Whether or not the user is active"
  }, {
    "path" : "_meta",
    "type" : "Object",
    "optional" : false,
    "description" : "Meta data associated with the representation, as described in <<metadata,Meta Data>>"
  }, {
    "path" : "userName",
    "type" : "String",
    "optional" : false,
    "description" : "The general identifier of the user"
  }, {
    "path" : "type",
    "type" : "String",
    "optional" : false,
    "description" : "The type (internal, external) of the user"
  }, {
    "path" : "user",
    "type" : "String",
    "optional" : false,
    "description" : "URL where a representation of the user may be read from"
  }, {
    "path" : "externalUserName",
    "type" : "String",
    "optional" : false,
    "description" : "The external name of the user"
  }, {
    "path" : "email",
    "type" : "String",
    "optional" : false,
    "description" : "The user's email address"
  } ],
  "links" : [ ]
}