{
  "fields" : [ {
    "path" : "createdAt",
    "type" : "String",
    "optional" : true,
    "description" : "The date/time the license term category was created"
  }, {
    "path" : "updatedBy",
    "type" : "Object",
    "optional" : false,
    "description" : "The user who updated the license term category, as described in <<userSummary,User Summary>>"
  }, {
    "path" : "createdBy",
    "type" : "Object",
    "optional" : false,
    "description" : "The user who created the license term category, as described in <<userSummary,User Summary>>"
  }, {
    "path" : "name",
    "type" : "String",
    "optional" : false,
    "description" : "The general identifier of the license term category"
  }, {
    "path" : "description",
    "type" : "String",
    "optional" : true,
    "description" : "The description of the license term category"
  }, {
    "path" : "_meta",
    "type" : "Object",
    "optional" : false,
    "description" : "Meta data associated with the representation, as described in <<metadata,Meta Data>>"
  }, {
    "path" : "updatedAt",
    "type" : "String",
    "optional" : true,
    "description" : "The date/time the license term category was updated"
  } ],
  "links" : [ ]
}