{
  "parameters" : [ ],
  "fields" : [ {
    "path" : "projectTier",
    "type" : "Number",
    "optional" : true,
    "description" : "The level of exposure the project has to potential attackers.",
    "allowedValues" : [ "1", "2", "3", "4", "5" ]
  }, {
    "path" : "projectLevelAdjustments",
    "type" : "Boolean",
    "optional" : false,
    "description" : "Whether BOM level adjustments are applied at the project level (to all releases)"
  }, {
    "path" : "name",
    "type" : "String",
    "optional" : false,
    "description" : "The general identifier of the project"
  }, {
    "path" : "description",
    "type" : "String",
    "optional" : false,
    "description" : "Summary of what the project represents in terms of functionality and use"
  }, {
    "path" : "projectOwner",
    "type" : "String",
    "optional" : true,
    "description" : "URL for the resource representing the project owner"
  }, {
    "path" : "cloneCategories",
    "type" : "Array",
    "optional" : true,
    "description" : "The set of categories of data to clone when creating a new project version.",
    "allowedValues" : [ "COMPONENT_DATA", "VULN_DATA", "LICENSE_TERM_FULFILLMENT" ]
  }, {
    "path" : "customSignatureEnabled",
    "type" : "Boolean",
    "optional" : true,
    "description" : "If the project should be matched against for future scans"
  }, {
    "path" : "deepLicenseDataEnabled",
    "type" : "Boolean",
    "optional" : true,
    "description" : "Whether Deep License Data is computed, only used when feature is enabled"
  } ]
}