{
  "fields" : [ {
    "path" : "default",
    "type" : "Boolean",
    "optional" : true,
    "description" : "The boolean value if the group is default or not"
  }, {
    "path" : "createdFrom",
    "type" : "String",
    "optional" : false,
    "description" : "The source of the user group"
  }, {
    "path" : "externalName",
    "type" : "String",
    "optional" : true,
    "description" : "Name used to identify the group within another system"
  }, {
    "path" : "name",
    "type" : "String",
    "optional" : false,
    "description" : "The name of the user group"
  }, {
    "path" : "active",
    "type" : "Boolean",
    "optional" : true,
    "description" : "The active status of the user group"
  }, {
    "path" : "_meta",
    "type" : "Object",
    "optional" : false,
    "description" : "Meta data associated with the representation, as described in <<metadata,Meta Data>>"
  }, {
    "path" : "userGroup",
    "type" : "String",
    "optional" : true,
    "description" : "URL to the representation of the user group"
  } ],
  "links" : [ {
    "rel" : "users",
    "optional" : false,
    "description" : "URL representing the users assigned to the user group"
  }, {
    "rel" : "projects",
    "optional" : false,
    "description" : "URL representing the projects the user group is assigned to"
  }, {
    "rel" : "roles",
    "optional" : false,
    "description" : "URL representing the roles assigned to the user group"
  } ]
}