{
  "parameters" : [ ],
  "fields" : [ {
    "path" : "approvalStatus",
    "type" : "String",
    "optional" : false,
    "description" : "The level of approval given for use of the component version.",
    "allowedValues" : [ "UNREVIEWED", "IN_REVIEW", "REVIEWED", "APPROVED", "LIMITED_APPROVAL", "REJECTED", "DEPRECATED" ]
  }, {
    "path" : "license",
    "type" : "Object",
    "optional" : false,
    "description" : "The combination of licenses to assign to the component version",
    "fields" : [ {
      "path" : "type",
      "type" : "String",
      "optional" : false,
      "description" : "The relation of contained licenses.",
      "allowedValues" : [ "CONJUNCTIVE", "DISJUNCTIVE" ]
    }, {
      "path" : "license",
      "type" : "String",
      "optional" : false,
      "description" : "URL to the representation of the license for the component version"
    }, {
      "path" : "licenses[]",
      "type" : "Array",
      "optional" : false,
      "description" : "Related licenses which follow the same structure as the license field"
    } ]
  }, {
    "path" : "notes",
    "type" : "String",
    "optional" : true,
    "description" : "Any user-specified notes on the component version"
  }, {
    "path" : "versionName",
    "type" : "String",
    "optional" : false,
    "description" : "The general identifier of the component version"
  } ]
}