{
  "fields" : [ {
    "path" : "approvalStatus",
    "type" : "String",
    "optional" : false,
    "description" : "The level of approval that has been given to use the component version.",
    "allowedValues" : [ "UNREVIEWED", "IN_REVIEW", "REVIEWED", "APPROVED", "CONDITIONALLY_APPROVED", "REJECTED", "DEPRECATED" ]
  }, {
    "path" : "license",
    "type" : "Object",
    "optional" : true,
    "description" : "The combination of licenses to assign to the component version",
    "fields" : [ {
      "path" : "licenseDisplay",
      "type" : "String",
      "optional" : true,
      "description" : "The display status of the collection of licenses"
    }, {
      "path" : "type",
      "type" : "String",
      "optional" : true,
      "description" : "The relation of contained licenses.",
      "allowedValues" : [ "CONJUNCTIVE", "DISJUNCTIVE" ]
    }, {
      "path" : "licenses[]",
      "type" : "Array",
      "optional" : true,
      "description" : "Related licenses which follow the same structure as the license field",
      "fields" : [ {
        "path" : "license",
        "type" : "String",
        "optional" : true,
        "description" : "URL to the representation of the license to assign"
      }, {
        "path" : "name",
        "type" : "String",
        "optional" : true,
        "description" : "The name of the license"
      }, {
        "path" : "ownership",
        "type" : "String",
        "optional" : true,
        "description" : "The ownership of the license.",
        "allowedValues" : [ "OPEN_SOURCE", "PROPRIETARY", "UNKNOWN" ]
      }, {
        "path" : "licenseDisplay",
        "type" : "String",
        "optional" : true,
        "description" : "The display status of the license"
      }, {
        "path" : "licenseFamilySummary",
        "type" : "String",
        "optional" : true,
        "description" : "Details of the license's associated license family",
        "fields" : [ {
          "path" : "name",
          "type" : "String",
          "optional" : true,
          "description" : "The display name of the associated license family"
        }, {
          "path" : "href",
          "type" : "String",
          "optional" : true,
          "description" : "URL to the representation of the license family"
        } ]
      }, {
        "path" : "licenses[]",
        "type" : "Array",
        "optional" : true,
        "description" : "Related licenses which follow the same structure as the license field"
      } ]
    } ]
  }, {
    "path" : "notes",
    "type" : "String",
    "optional" : true,
    "description" : "Notes regarding the usage of this component version"
  }, {
    "path" : "_meta",
    "type" : "Object",
    "optional" : false,
    "description" : "Meta data associated with the representation, as described in <<metadata,Meta Data>>"
  }, {
    "path" : "source",
    "type" : "String",
    "optional" : false,
    "description" : "The source of data for the component version.",
    "allowedValues" : [ "CUSTOM", "KB", "KB_MODIFIED" ]
  }, {
    "path" : "versionName",
    "type" : "String",
    "optional" : false,
    "description" : "The general identifier of the component version"
  }, {
    "path" : "type",
    "type" : "String",
    "optional" : false,
    "description" : "The type of the component.",
    "allowedValues" : [ "PROJECT", "COMPONENT" ]
  }, {
    "path" : "migrated",
    "type" : "Boolean",
    "optional" : false,
    "description" : "Whether the version href followed was merged or split in the KnowledgeBase. If true, the href of the response will not match the href of the request"
  }, {
    "path" : "releasedOn",
    "type" : "String",
    "optional" : true,
    "description" : "The date the version became available for use"
  }, {
    "path" : "additionalHomepages",
    "type" : "Array",
    "optional" : false,
    "description" : "Any additional web addresses containing information on various distributions of the component version"
  } ],
  "links" : [ {
    "rel" : "component",
    "optional" : false,
    "description" : "Resource listing the component version associated with the version"
  }, {
    "rel" : "homepage",
    "optional" : true,
    "description" : "Resource where more information on the component version may be found"
  }, {
    "rel" : "openhub",
    "optional" : true,
    "description" : "Resource on OpenHub representing the component version"
  }, {
    "rel" : "vulnerabilities",
    "optional" : true,
    "description" : "Resource representing vulnerabilities associated with the component version"
  }, {
    "rel" : "smallLogo",
    "optional" : true,
    "description" : "Resource representing a small version of the component version's logo"
  }, {
    "rel" : "mediumLogo",
    "optional" : true,
    "description" : "Resource representing a medium version of the component version's logo"
  }, {
    "rel" : "references",
    "optional" : false,
    "description" : "Resource representing the component version's references"
  }, {
    "rel" : "origins",
    "optional" : true,
    "description" : "Resource representing the distribution origin(s) identified"
  }, {
    "rel" : "crypto-algorithms",
    "optional" : true,
    "description" : "Resource representing the component version's cryptographic algorithms"
  }, {
    "rel" : "risk-profile",
    "optional" : false,
    "description" : "Resource representing the component version's risk profile"
  }, {
    "rel" : "custom-fields",
    "optional" : false,
    "description" : "Resource representing the component version's custom fields"
  }, {
    "rel" : "upgrade-guidance",
    "optional" : false,
    "description" : "Resource representing the component version's upgrade guidance"
  } ]
}