{
  "fields" : [ {
    "path" : "firstName",
    "type" : "String",
    "optional" : false,
    "description" : "The assigned user's first name"
  }, {
    "path" : "lastName",
    "type" : "String",
    "optional" : false,
    "description" : "The assigned user's last name"
  }, {
    "path" : "name",
    "type" : "String",
    "optional" : false,
    "description" : "The assigned user's name"
  }, {
    "path" : "active",
    "type" : "Boolean",
    "optional" : true,
    "description" : "Whether the represented user group is active"
  }, {
    "path" : "_meta",
    "type" : "Object",
    "optional" : false,
    "description" : "Meta data associated with the representation, as described in <<metadata,Meta Data>>"
  }, {
    "path" : "user",
    "type" : "String",
    "optional" : false,
    "description" : "URL to where the representation of the user assigned may be read from"
  }, {
    "path" : "email",
    "type" : "String",
    "optional" : false,
    "description" : "The assigned user's email"
  } ],
  "links" : [ ]
}