{
  "fields" : [ {
    "path" : "usedCodeSize",
    "type" : "Number",
    "optional" : true,
    "description" : "The current measure of the code base used"
  }, {
    "path" : "marketingPageUrl",
    "type" : "String",
    "optional" : true,
    "description" : "URL to a user-readable webpage describing licensing information"
  }, {
    "path" : "hardLimit",
    "type" : "Number",
    "optional" : true,
    "description" : "The maximum measure of code base usage before further use is restricted"
  }, {
    "path" : "message",
    "type" : "String",
    "optional" : true,
    "description" : "A user-readable message describing the licensing issue"
  }, {
    "path" : "licenseViolationType",
    "type" : "String",
    "optional" : true,
    "description" : "The type of license limit which the application has exceeded.",
    "allowedValues" : [ "MANAGED_CODEBASE_BYTES_NEW" ]
  }, {
    "path" : "softLimit",
    "type" : "Number",
    "optional" : true,
    "description" : "The measure of code base usage where the application will start warning users that they are approaching the maximum limit"
  } ],
  "links" : [ ]
}